{
  "stock_code": "ABSA",
  "training_date": "2025-11-18T16:04:11.684831",
  "model_version": "2.0_stock_specific",
  "n_samples": 2196,
  "prediction_days": 30,
  "validation_split": 0.15,
  "epochs_trained": 47,
  "data_range": {
    "min": 7.15,
    "max": 18.75
  },
  "validation_metrics": {
    "mse": 12.04733415698255,
    "mae": 2.9907331287090595,
    "rmse": 3.4709269881376863,
    "r2": -0.16241133933244223,
    "mape": 21.58590110614189,
    "negative_predictions": 0,
    "negative_ratio": 0.0,
    "bias": -1.4019027015099157
  },
  "walk_forward_metrics": {
    "mse_mean": 8.932833396061861,
    "mse_std": 0.2737605764158122,
    "rmse_mean": 2.9884336112171392,
    "rmse_std": 0.04580335587651119,
    "mae_mean": 2.591970088005066,
    "mae_std": 0.020910992622375613,
    "r2_mean": 0.01700560361837461,
    "r2_std": 0.012406476382526399,
    "mape_mean": 0.21508911162140054,
    "mape_std": 0.007822375353561076,
    "directional_accuracy_mean": 0.7368421052631579,
    "directional_accuracy_std": 0.0,
    "mean_residual_mean": -0.08483475971221921,
    "mean_residual_std": 0.28553507328033456,
    "std_residual_mean": 2.97341059324346,
    "std_residual_std": 0.054181413056485495,
    "median_residual_mean": 0.6906911849975588,
    "median_residual_std": 0.5804554939270021,
    "negative_predictions_mean": 0.0,
    "negative_predictions_std": 0.0,
    "negative_ratio_mean": 0.0,
    "negative_ratio_std": 0.0,
    "total_return_mean": 3.6297879414775975,
    "total_return_std": 7.589696331344875e-05,
    "mean_return_mean": 0.19104147060408408,
    "mean_return_std": 3.994577016497303e-06,
    "std_return_mean": 0.2638578182177509,
    "std_return_std": 0.015596671374321067,
    "sharpe_ratio_mean": 11.533935137179203,
    "sharpe_ratio_std": 0.6815321420365992,
    "win_rate_mean": 0.763157894736842,
    "win_rate_std": 0.026315789473684237,
    "max_drawdown_mean": 0.30564581402639773,
    "max_drawdown_std": 0.053504261514982165
  },
  "model_path": "/Users/reinhard/portfolio-optimization-system/ml/trained_models/stock_specific_v2/ABSA_best.h5"
}