{
  "stock_code": "BAMB",
  "training_date": "2025-11-18T15:39:57.130664",
  "model_version": "2.0_stock_specific",
  "n_samples": 2196,
  "prediction_days": 30,
  "validation_split": 0.15,
  "epochs_trained": 50,
  "data_range": {
    "min": 27.25,
    "max": 225.0
  },
  "validation_metrics": {
    "mse": 2877.56808179852,
    "mae": 44.57369909667968,
    "rmse": 53.64296861470774,
    "r2": -0.027061288254220717,
    "mape": 50.011137976852496,
    "negative_predictions": 0,
    "negative_ratio": 0.0,
    "bias": -15.620839289738578
  },
  "walk_forward_metrics": {
    "mse_mean": 3330.6407337275023,
    "mse_std": 24.64327077589769,
    "rmse_mean": 57.71130867925706,
    "rmse_std": 0.2135046955256037,
    "mae_mean": 48.12990531921386,
    "mae_std": 0.3519695281982429,
    "r2_mean": 0.04817832386288273,
    "r2_std": 0.02296062963438611,
    "mape_mean": 0.6565553346388593,
    "mape_std": 0.07655148318778265,
    "directional_accuracy_mean": 0.6052631578947368,
    "directional_accuracy_std": 0.02631578947368418,
    "mean_residual_mean": -2.396535873413081,
    "mean_residual_std": 4.209585952758789,
    "std_residual_mean": 57.506737638655295,
    "std_residual_std": 0.38969449591741423,
    "median_residual_mean": -18.327194213867173,
    "median_residual_std": 0.6810455322265625,
    "negative_predictions_mean": 0.0,
    "negative_predictions_std": 0.0,
    "negative_ratio_mean": 0.0,
    "negative_ratio_std": 0.0,
    "total_return_mean": 13.49272131278565,
    "total_return_std": 1.8531805922929099,
    "mean_return_mean": 0.7101432269887185,
    "mean_return_std": 0.09753582064699523,
    "std_return_mean": 1.401067165268032,
    "std_return_std": 0.09935160181004976,
    "sharpe_ratio_mean": 8.008037001022494,
    "sharpe_ratio_std": 0.5372489395007407,
    "win_rate_mean": 0.6578947368421053,
    "win_rate_std": 0.0789473684210526,
    "max_drawdown_mean": 0.5373588987886695,
    "max_drawdown_std": 0.2689025229497437
  },
  "model_path": "/Users/reinhard/portfolio-optimization-system/ml/trained_models/stock_specific_v2/BAMB_best.h5"
}