{
  "stock_code": "BRIT",
  "training_date": "2025-11-18T16:08:08.135431",
  "model_version": "2.0_stock_specific",
  "n_samples": 2196,
  "prediction_days": 30,
  "validation_split": 0.15,
  "epochs_trained": 50,
  "data_range": {
    "min": 6.0,
    "max": 37.0
  },
  "validation_metrics": {
    "mse": 46.35362338007468,
    "mae": 5.175974340937688,
    "rmse": 6.808349534217135,
    "r2": -0.03532654421150094,
    "mape": 39.6387904033913,
    "negative_predictions": 0,
    "negative_ratio": 0.0,
    "bias": -1.1791457832923307
  },
  "walk_forward_metrics": {
    "mse_mean": 27.00924216183266,
    "mse_std": 2.7514541156253056,
    "rmse_mean": 5.190278044525262,
    "rmse_std": 0.2650584508211038,
    "mae_mean": 4.281640913009644,
    "mae_std": 0.14606531524658228,
    "r2_mean": 0.06332649265851276,
    "r2_std": 0.024467775142044124,
    "mape_mean": 0.41268010665334676,
    "mape_std": 0.0179552601303041,
    "directional_accuracy_mean": 0.631578947368421,
    "directional_accuracy_std": 0.05263157894736842,
    "mean_residual_mean": 0.773987380981445,
    "mean_residual_std": 0.49050537681579603,
    "std_residual_mean": 5.104048477971619,
    "std_residual_std": 0.34391758568665143,
    "median_residual_mean": 2.283113613128662,
    "median_residual_std": 0.3623436546325687,
    "negative_predictions_mean": 0.0,
    "negative_predictions_std": 0.0,
    "negative_ratio_mean": 0.0,
    "negative_ratio_std": 0.0,
    "total_return_mean": 5.939407932558849,
    "total_return_std": 0.09475221782938892,
    "mean_return_mean": 0.3126004175030973,
    "mean_return_std": 0.004986958833125721,
    "std_return_mean": 0.6264095089967789,
    "std_return_std": 0.07943255470303212,
    "sharpe_ratio_mean": 8.035116035324373,
    "sharpe_ratio_std": 0.8925220143779509,
    "win_rate_mean": 0.631578947368421,
    "win_rate_std": 0.10526315789473684,
    "max_drawdown_mean": 0.47957685990017973,
    "max_drawdown_std": 0.13747734248789323
  },
  "model_path": "/Users/reinhard/portfolio-optimization-system/ml/trained_models/stock_specific_v2/BRIT_best.h5"
}