{
  "stock_code": "CIC",
  "training_date": "2025-11-18T16:08:39.297720",
  "model_version": "2.0_stock_specific",
  "n_samples": 2196,
  "prediction_days": 30,
  "validation_split": 0.15,
  "epochs_trained": 50,
  "data_range": {
    "min": 2.0,
    "max": 11.85
  },
  "validation_metrics": {
    "mse": 6.504194645091599,
    "mae": 1.9263159803537222,
    "rmse": 2.5503322617046584,
    "r2": -0.1291477222281623,
    "mape": 37.38168360621844,
    "negative_predictions": 0,
    "negative_ratio": 0.0,
    "bias": -0.7304987221937913
  },
  "walk_forward_metrics": {
    "mse_mean": 4.476244510052268,
    "mse_std": 0.228682053472971,
    "rmse_mean": 2.115022902661855,
    "rmse_std": 0.05406136576231968,
    "mae_mean": 1.7098731060028074,
    "mae_std": 0.12194593238830564,
    "r2_mean": 0.10163800327983513,
    "r2_std": 0.005686496723914025,
    "mape_mean": 0.4326639902391787,
    "mape_std": 0.03666186133667593,
    "directional_accuracy_mean": 0.736842105263158,
    "directional_accuracy_std": 0.05263157894736842,
    "mean_residual_mean": 0.0941991729736329,
    "mean_residual_std": 0.010918027877807754,
    "std_residual_mean": 2.112881999841405,
    "std_residual_std": 0.05460290538787205,
    "median_residual_mean": 0.5950851917266846,
    "median_residual_std": 0.1469058036804196,
    "negative_predictions_mean": 0.0,
    "negative_predictions_std": 0.0,
    "negative_ratio_mean": 0.0,
    "negative_ratio_std": 0.0,
    "total_return_mean": 7.552056474900553,
    "total_return_std": 0.3407580711172078,
    "mean_return_mean": 0.39747665657371334,
    "mean_return_std": 0.017934635321958298,
    "std_return_mean": 0.7466742075424301,
    "std_return_std": 0.10702860062022945,
    "sharpe_ratio_mean": 8.683538955469684,
    "sharpe_ratio_std": 1.6259976842248123,
    "win_rate_mean": 0.7105263157894737,
    "win_rate_std": 0.02631578947368418,
    "max_drawdown_mean": 0.48224710475812305,
    "max_drawdown_std": 0.0839868307855206
  },
  "model_path": "/Users/reinhard/portfolio-optimization-system/ml/trained_models/stock_specific_v2/CIC_best.h5"
}