{
  "stock_code": "COOP",
  "training_date": "2025-11-18T16:04:42.901921",
  "model_version": "2.0_stock_specific",
  "n_samples": 2196,
  "prediction_days": 30,
  "validation_split": 0.15,
  "epochs_trained": 50,
  "data_range": {
    "min": 9.75,
    "max": 24.0
  },
  "validation_metrics": {
    "mse": 10.052327697334666,
    "mae": 2.6444391643817613,
    "rmse": 3.1705406001713126,
    "r2": -0.1067447729322859,
    "mape": 16.053163155258463,
    "negative_predictions": 0,
    "negative_ratio": 0.0,
    "bias": -0.8663306415264422
  },
  "walk_forward_metrics": {
    "mse_mean": 7.659855074785978,
    "mse_std": 1.6363868851075596,
    "rmse_mean": 2.7516247054972833,
    "rmse_std": 0.2973492136915208,
    "mae_mean": 2.367653985023498,
    "mae_std": 0.24759721279144276,
    "r2_mean": 0.022944573383614497,
    "r2_std": 0.000246440983845464,
    "mape_mean": 0.15754378405655584,
    "mape_std": 0.019147569533813455,
    "directional_accuracy_mean": 0.736842105263158,
    "directional_accuracy_std": 0.05263157894736842,
    "mean_residual_mean": 0.3403744745254515,
    "mean_residual_std": 0.10414098262786885,
    "std_residual_mean": 2.729638181661061,
    "std_residual_std": 0.2867583387329862,
    "median_residual_mean": 0.7086574554443352,
    "median_residual_std": 0.17962913513183665,
    "negative_predictions_mean": 0.0,
    "negative_predictions_std": 0.0,
    "negative_ratio_mean": 0.0,
    "negative_ratio_std": 0.0,
    "total_return_mean": 2.58249784512895,
    "total_return_std": 0.35237965379851643,
    "mean_return_mean": 0.13592093921731313,
    "mean_return_std": 0.018546297568342966,
    "std_return_mean": 0.20973875216166038,
    "std_return_std": 0.008307969222270437,
    "sharpe_ratio_mean": 10.247931977106717,
    "sharpe_ratio_std": 0.9977833901767417,
    "win_rate_mean": 0.6842105263157894,
    "win_rate_std": 0.05263157894736842,
    "max_drawdown_mean": 0.19851292406207122,
    "max_drawdown_std": 0.016694742243889338
  },
  "model_path": "/Users/reinhard/portfolio-optimization-system/ml/trained_models/stock_specific_v2/COOP_best.h5"
}