{
  "stock_code": "DTK",
  "training_date": "2025-11-18T16:05:13.974969",
  "model_version": "2.0_stock_specific",
  "n_samples": 2196,
  "prediction_days": 30,
  "validation_split": 0.15,
  "epochs_trained": 50,
  "data_range": {
    "min": 54.75,
    "max": 275.0
  },
  "validation_metrics": {
    "mse": 3371.2230218543214,
    "mae": 49.157584228515624,
    "rmse": 58.062234041193435,
    "r2": -0.1380481317866824,
    "mape": 36.36812786791253,
    "negative_predictions": 0,
    "negative_ratio": 0.0,
    "bias": -16.19712139423077
  },
  "walk_forward_metrics": {
    "mse_mean": 3008.5160026349304,
    "mse_std": 212.96945863995347,
    "rmse_mean": 54.81552975314689,
    "rmse_std": 1.9426014817245019,
    "mae_mean": 46.23341789245606,
    "mae_std": 1.8009311676025384,
    "r2_mean": 0.10632425424517794,
    "r2_std": 0.007121112493955584,
    "mape_mean": 0.41787563605003486,
    "mape_std": 0.05780108372684603,
    "directional_accuracy_mean": 0.763157894736842,
    "directional_accuracy_std": 0.026315789473684237,
    "mean_residual_mean": 3.5826175689697255,
    "mean_residual_std": 4.494080734252929,
    "std_residual_mean": 54.52280274598379,
    "std_residual_std": 1.6577313009047643,
    "median_residual_mean": -0.6532554626464844,
    "median_residual_std": 1.8934059143066406,
    "negative_predictions_mean": 0.0,
    "negative_predictions_std": 0.0,
    "negative_ratio_mean": 0.0,
    "negative_ratio_std": 0.0,
    "total_return_mean": 7.489536677835805,
    "total_return_std": 0.413564465624245,
    "mean_return_mean": 0.39418614093872656,
    "mean_return_std": 0.0217665508223287,
    "std_return_mean": 0.6845837900919677,
    "std_return_std": 0.04118924005922675,
    "sharpe_ratio_mean": 9.143337455990583,
    "sharpe_ratio_std": 0.04539084859131837,
    "win_rate_mean": 0.7105263157894737,
    "win_rate_std": 0.02631578947368418,
    "max_drawdown_mean": 0.5814102057420676,
    "max_drawdown_std": 0.020255351662258336
  },
  "model_path": "/Users/reinhard/portfolio-optimization-system/ml/trained_models/stock_specific_v2/DTK_best.h5"
}