{
  "stock_code": "EABL",
  "training_date": "2025-11-18T15:40:25.868748",
  "model_version": "2.0_stock_specific",
  "n_samples": 2196,
  "prediction_days": 30,
  "validation_split": 0.15,
  "epochs_trained": 50,
  "data_range": {
    "min": 135.25,
    "max": 423.0
  },
  "validation_metrics": {
    "mse": 3226.2823764031355,
    "mae": 49.85500258225661,
    "rmse": 56.800373030492814,
    "r2": -0.04582468239780524,
    "mape": 19.56417359044644,
    "negative_predictions": 0,
    "negative_ratio": 0.0,
    "bias": -22.34270953838642
  },
  "walk_forward_metrics": {
    "mse_mean": 2725.098585494189,
    "mse_std": 27.41494045202876,
    "rmse_mean": 52.20181638646172,
    "rmse_std": 0.2625860779351967,
    "mae_mean": 46.57312774658203,
    "mae_std": 0.038913726806640625,
    "r2_mean": 0.021789093221847855,
    "r2_std": 0.0049406816632985295,
    "mape_mean": 0.2135132054012468,
    "mape_std": 0.007734500067197045,
    "directional_accuracy_mean": 0.8157894736842105,
    "directional_accuracy_std": 0.02631578947368418,
    "mean_residual_mean": 0.15406112670898153,
    "mean_residual_std": 6.012472534179689,
    "std_residual_mean": 51.85407777596424,
    "std_residual_std": 0.2822103708441652,
    "median_residual_mean": -7.882354736328118,
    "median_residual_std": 14.619979858398445,
    "negative_predictions_mean": 0.0,
    "negative_predictions_std": 0.0,
    "negative_ratio_mean": 0.0,
    "negative_ratio_std": 0.0,
    "total_return_mean": 2.8330410563527497,
    "total_return_std": 0.10347224588536208,
    "mean_return_mean": 0.1491074240185658,
    "mean_return_std": 0.005445907678176945,
    "std_return_mean": 0.2949380568563823,
    "std_return_std": 0.00516197917303135,
    "sharpe_ratio_mean": 8.022765030635519,
    "sharpe_ratio_std": 0.15270243100742498,
    "win_rate_mean": 0.7368421052631579,
    "win_rate_std": 0.0,
    "max_drawdown_mean": 0.31527134686440245,
    "max_drawdown_std": 0.017250392266032255
  },
  "model_path": "/Users/reinhard/portfolio-optimization-system/ml/trained_models/stock_specific_v2/EABL_best.h5"
}