{
  "stock_code": "EQTY",
  "training_date": "2025-11-18T15:38:59.258203",
  "model_version": "2.0_stock_specific",
  "n_samples": 2196,
  "prediction_days": 30,
  "validation_split": 0.15,
  "epochs_trained": 50,
  "data_range": {
    "min": 23.5,
    "max": 59.0
  },
  "validation_metrics": {
    "mse": 56.39625037031419,
    "mae": 6.234338573749249,
    "rmse": 7.509743695380967,
    "r2": -0.01212179976374328,
    "mape": 17.030736296452105,
    "negative_predictions": 0,
    "negative_ratio": 0.0,
    "bias": 1.3435543611966645
  },
  "walk_forward_metrics": {
    "mse_mean": 50.4013736451013,
    "mse_std": 8.706159987921755,
    "rmse_mean": 7.072662755007453,
    "rmse_std": 0.6154796495674693,
    "mae_mean": 5.734314441680908,
    "mae_std": 0.2864163398742674,
    "r2_mean": -0.0791213260261584,
    "r2_std": 0.06490205055424181,
    "mape_mean": 0.16111730736671964,
    "mape_std": 0.014593976204532025,
    "directional_accuracy_mean": 0.631578947368421,
    "directional_accuracy_std": 0.05263157894736842,
    "mean_residual_mean": 2.2992671012878416,
    "mean_residual_std": 0.5692268943786624,
    "std_residual_mean": 6.67703910881498,
    "std_residual_std": 0.45593192924821135,
    "median_residual_mean": 2.334031486511229,
    "median_residual_std": 0.1055818557739272,
    "negative_predictions_mean": 0.0,
    "negative_predictions_std": 0.0,
    "negative_ratio_mean": 0.0,
    "negative_ratio_std": 0.0,
    "total_return_mean": 3.0363387092299563,
    "total_return_std": 0.8607177081492473,
    "mean_return_mean": 0.15980730048578717,
    "mean_return_std": 0.045300932007855114,
    "std_return_mean": 0.20791660127853176,
    "std_return_std": 0.0034379971346790716,
    "sharpe_ratio_mean": 12.147474787035112,
    "sharpe_ratio_std": 3.2578784658688598,
    "win_rate_mean": 0.7368421052631579,
    "win_rate_std": 0.10526315789473684,
    "max_drawdown_mean": 0.15846573895194382,
    "max_drawdown_std": 0.10868525114706584
  },
  "model_path": "/Users/reinhard/portfolio-optimization-system/ml/trained_models/stock_specific_v2/EQTY_best.h5"
}