{
  "stock_code": "KCB",
  "training_date": "2025-11-18T15:39:28.095141",
  "model_version": "2.0_stock_specific",
  "n_samples": 2196,
  "prediction_days": 30,
  "validation_split": 0.15,
  "epochs_trained": 50,
  "data_range": {
    "min": 23.0,
    "max": 65.0
  },
  "validation_metrics": {
    "mse": 69.48624198534928,
    "mae": 6.376105853740986,
    "rmse": 8.335840808541708,
    "r2": -0.028193005264243398,
    "mape": 14.758736415367272,
    "negative_predictions": 0,
    "negative_ratio": 0.0,
    "bias": -1.296529813326322
  },
  "walk_forward_metrics": {
    "mse_mean": 62.66763461702498,
    "mse_std": 6.414250619158061,
    "rmse_mean": 7.9058884549595625,
    "rmse_std": 0.405662858494686,
    "mae_mean": 6.1645303916931145,
    "mae_std": 0.6649152183532725,
    "r2_mean": -0.004522062603868726,
    "r2_std": 0.024848261330422783,
    "mape_mean": 0.15681409167780863,
    "mape_std": 0.02238121710892116,
    "directional_accuracy_mean": 0.5263157894736842,
    "directional_accuracy_std": 0.0,
    "mean_residual_mean": 1.162753314971924,
    "mean_residual_std": 0.46577554702758767,
    "std_residual_mean": 7.809108851876006,
    "std_residual_std": 0.3413376991920778,
    "median_residual_mean": 1.7757305145263675,
    "median_residual_std": 0.5095027923583988,
    "negative_predictions_mean": 0.0,
    "negative_predictions_std": 0.0,
    "negative_ratio_mean": 0.0,
    "negative_ratio_std": 0.0,
    "total_return_mean": 2.2748224475368604,
    "total_return_std": 1.1032662496227406,
    "mean_return_mean": 0.11972749723878214,
    "mean_return_std": 0.05806664471698635,
    "std_return_mean": 0.2432571378969146,
    "std_return_std": 0.035230781478039874,
    "sharpe_ratio_mean": 7.4200276550932145,
    "sharpe_ratio_std": 2.7146830763781047,
    "win_rate_mean": 0.631578947368421,
    "win_rate_std": 0.10526315789473684,
    "max_drawdown_mean": 0.2827949946214873,
    "max_drawdown_std": 0.01693012975662231
  },
  "model_path": "/Users/reinhard/portfolio-optimization-system/ml/trained_models/stock_specific_v2/KCB_best.h5"
}