{
  "stock_code": "KEGN",
  "training_date": "2025-11-18T16:06:43.156597",
  "model_version": "2.0_stock_specific",
  "n_samples": 2196,
  "prediction_days": 30,
  "validation_split": 0.15,
  "epochs_trained": 50,
  "data_range": {
    "min": 3.91,
    "max": 17.35
  },
  "validation_metrics": {
    "mse": 14.26283678027527,
    "mae": 2.8484683002178484,
    "rmse": 3.776617107978418,
    "r2": -0.023007499370085283,
    "mape": 30.30552962631469,
    "negative_predictions": 0,
    "negative_ratio": 0.0,
    "bias": -1.237593124624399
  },
  "walk_forward_metrics": {
    "mse_mean": 9.130083319251437,
    "mse_std": 0.7886587841149373,
    "rmse_mean": 3.0187779475895944,
    "rmse_std": 0.13062550439403098,
    "mae_mean": 2.470036695957184,
    "mae_std": 0.10363967275619501,
    "r2_mean": 0.0021815104130477603,
    "r2_std": 0.0014251121772383413,
    "mape_mean": 0.33820647918817154,
    "mape_std": 0.03041433406161531,
    "directional_accuracy_mean": 0.6052631578947368,
    "directional_accuracy_std": 0.02631578947368418,
    "mean_residual_mean": -0.05804798746109013,
    "mean_residual_std": 0.08093616342544549,
    "std_residual_mean": 3.017063338567603,
    "std_residual_std": 0.1322569428212872,
    "median_residual_mean": 0.9780676507949828,
    "median_residual_std": 0.14027370929718042,
    "negative_predictions_mean": 0.0,
    "negative_predictions_std": 0.0,
    "negative_ratio_mean": 0.0,
    "negative_ratio_std": 0.0,
    "total_return_mean": 7.71451806220409,
    "total_return_std": 0.18214525876197118,
    "mean_return_mean": 0.4060272664317942,
    "mean_return_std": 0.009586592566419527,
    "std_return_mean": 0.6847751025164882,
    "std_return_std": 0.10335369111336778,
    "sharpe_ratio_mean": 9.597647747851514,
    "sharpe_ratio_std": 1.2263440632593037,
    "win_rate_mean": 0.7105263157894737,
    "win_rate_std": 0.02631578947368418,
    "max_drawdown_mean": 0.3424710502291697,
    "max_drawdown_std": 0.07071025288697741
  },
  "model_path": "/Users/reinhard/portfolio-optimization-system/ml/trained_models/stock_specific_v2/KEGN_best.h5"
}