{
  "stock_code": "KPLC",
  "training_date": "2025-11-18T16:07:05.511809",
  "model_version": "2.0_stock_specific",
  "n_samples": 2196,
  "prediction_days": 30,
  "validation_split": 0.15,
  "epochs_trained": 35,
  "data_range": {
    "min": 1.28,
    "max": 20.0
  },
  "validation_metrics": {
    "mse": 29.906223788566265,
    "mae": 4.867148706406813,
    "rmse": 5.4686583170432455,
    "r2": 0.0985455999873942,
    "mape": 99.19967771435365,
    "negative_predictions": 0,
    "negative_ratio": 0.0,
    "bias": -1.5636272540752703
  },
  "walk_forward_metrics": {
    "mse_mean": 25.974812112615787,
    "mse_std": 0.8507063515274478,
    "rmse_mean": 5.095865464237068,
    "rmse_std": 0.08347025225623872,
    "mae_mean": 4.40928961801529,
    "mae_std": 0.1499504971504213,
    "r2_mean": 0.14673918846274003,
    "r2_std": 0.020928089909545977,
    "mape_mean": 1.3371741144728237,
    "mape_std": 0.10909697509986571,
    "directional_accuracy_mean": 0.5263157894736842,
    "directional_accuracy_std": 0.052631578947368446,
    "mean_residual_mean": 0.2968692355155943,
    "mean_residual_std": 0.1247692847251892,
    "std_residual_mean": 5.0857923364334265,
    "std_residual_std": 0.07635251066185766,
    "median_residual_mean": -0.22315721511840847,
    "median_residual_std": 0.38180236816406277,
    "negative_predictions_mean": 0.0,
    "negative_predictions_std": 0.0,
    "negative_ratio_mean": 0.0,
    "negative_ratio_std": 0.0,
    "total_return_mean": 25.639802509955118,
    "total_return_std": 2.812901338016001,
    "mean_return_mean": 1.3494632899976378,
    "mean_return_std": 0.14804743884294735,
    "std_return_mean": 3.024449814633657,
    "std_return_std": 0.12020979429117928,
    "sharpe_ratio_mean": 7.063235892089109,
    "sharpe_ratio_std": 0.4963250147612768,
    "win_rate_mean": 0.5789473684210527,
    "win_rate_std": 0.0,
    "max_drawdown_mean": 0.963248179350649,
    "max_drawdown_std": 0.04709037024001994
  },
  "model_path": "/Users/reinhard/portfolio-optimization-system/ml/trained_models/stock_specific_v2/KPLC_best.h5"
}