{
  "stock_code": "NBK",
  "training_date": "2025-11-18T16:05:42.124759",
  "model_version": "2.0_stock_specific",
  "n_samples": 2196,
  "prediction_days": 30,
  "validation_split": 0.15,
  "epochs_trained": 45,
  "data_range": {
    "min": 3.57,
    "max": 36.25
  },
  "validation_metrics": {
    "mse": 68.45774197852589,
    "mae": 7.093182794893705,
    "rmse": 8.273919384338107,
    "r2": 0.045698554280432235,
    "mape": 67.37652340564956,
    "negative_predictions": 0,
    "negative_ratio": 0.0,
    "bias": -2.769773861929087
  },
  "walk_forward_metrics": {
    "mse_mean": 79.56996131575517,
    "mse_std": 21.250428343351402,
    "rmse_mean": 8.838829177759528,
    "rmse_std": 1.2021065186338382,
    "mae_mean": 7.2956488752365125,
    "mae_std": 0.5773730459213255,
    "r2_mean": 0.08200586843769908,
    "r2_std": 0.05011207420501251,
    "mape_mean": 0.8092543783937294,
    "mape_std": 0.0804965565007646,
    "directional_accuracy_mean": 0.5526315789473684,
    "directional_accuracy_std": 0.026315789473684237,
    "mean_residual_mean": -1.381493239402771,
    "mean_residual_std": 1.5837923727035517,
    "std_residual_mean": 8.613568832509682,
    "std_residual_std": 0.9795261267691959,
    "median_residual_mean": 2.0564641475677483,
    "median_residual_std": 1.1317177295684815,
    "negative_predictions_mean": 0.0,
    "negative_predictions_std": 0.0,
    "negative_ratio_mean": 0.0,
    "negative_ratio_std": 0.0,
    "total_return_mean": 16.99822285704497,
    "total_return_std": 0.6590154893735871,
    "mean_return_mean": 0.8946433082655246,
    "mean_return_std": 0.03468502575650456,
    "std_return_mean": 1.7418091075296482,
    "std_return_std": 0.04054659740710831,
    "sharpe_ratio_mean": 8.150662424248571,
    "sharpe_ratio_std": 0.126377847807003,
    "win_rate_mean": 0.631578947368421,
    "win_rate_std": 0.05263157894736842,
    "max_drawdown_mean": 0.8361997499854641,
    "max_drawdown_std": 0.15910224431652997
  },
  "model_path": "/Users/reinhard/portfolio-optimization-system/ml/trained_models/stock_specific_v2/NBK_best.h5"
}