{
  "stock_code": "NCBA",
  "training_date": "2025-11-18T16:06:12.010301",
  "model_version": "2.0_stock_specific",
  "n_samples": 2196,
  "prediction_days": 30,
  "validation_split": 0.15,
  "epochs_trained": 48,
  "data_range": {
    "min": 20.45,
    "max": 81.5
  },
  "validation_metrics": {
    "mse": 192.3680525901249,
    "mae": 11.695896045391377,
    "rmse": 13.869681055818296,
    "r2": -0.030182746814600314,
    "mape": 27.67159911217974,
    "negative_predictions": 0,
    "negative_ratio": 0.0,
    "bias": -4.268690347524791
  },
  "walk_forward_metrics": {
    "mse_mean": 184.61435764844936,
    "mse_std": 23.366654222959042,
    "rmse_mean": 13.559940731630405,
    "rmse_std": 0.8616060602850988,
    "mae_mean": 10.927779960632325,
    "mae_std": 0.8848158645629889,
    "r2_mean": 0.05379445172460218,
    "r2_std": 0.005516678417384235,
    "mape_mean": 0.28618544871498564,
    "mape_std": 0.04190139246498113,
    "directional_accuracy_mean": 0.631578947368421,
    "directional_accuracy_std": 0.0,
    "mean_residual_mean": -0.29407272338867196,
    "mean_residual_std": 1.377717819213867,
    "std_residual_mean": 13.484290322346066,
    "std_residual_std": 0.8964859146205058,
    "median_residual_mean": 4.283636283874512,
    "median_residual_std": 1.466784095764159,
    "negative_predictions_mean": 0.0,
    "negative_predictions_std": 0.0,
    "negative_ratio_mean": 0.0,
    "negative_ratio_std": 0.0,
    "total_return_mean": 4.2717851534612175,
    "total_return_std": 0.1780364910044101,
    "mean_return_mean": 0.22483079755059038,
    "mean_return_std": 0.009370341631811066,
    "std_return_mean": 0.4572311646388548,
    "std_return_std": 0.023156659904585847,
    "sharpe_ratio_mean": 7.809405309275952,
    "sharpe_ratio_std": 0.0701837130555032,
    "win_rate_mean": 0.6052631578947368,
    "win_rate_std": 0.02631578947368418,
    "max_drawdown_mean": 0.47418146626613583,
    "max_drawdown_std": 0.08041097235650135
  },
  "model_path": "/Users/reinhard/portfolio-optimization-system/ml/trained_models/stock_specific_v2/NCBA_best.h5"
}