{
  "stock_code": "SCBK",
  "training_date": "2025-11-18T16:09:05.389164",
  "model_version": "2.0_stock_specific",
  "n_samples": 2196,
  "prediction_days": 30,
  "validation_split": 0.15,
  "epochs_trained": 41,
  "data_range": {
    "min": 124.0,
    "max": 355.0
  },
  "validation_metrics": {
    "mse": 3744.621258234507,
    "mae": 51.10700462928185,
    "rmse": 61.193310567696095,
    "r2": 0.07844758939878738,
    "mape": 21.905602155204164,
    "negative_predictions": 0,
    "negative_ratio": 0.0,
    "bias": -15.348163733849159
  },
  "walk_forward_metrics": {
    "mse_mean": 3668.413992088381,
    "mse_std": 171.32852412220086,
    "rmse_mean": 60.550908175248736,
    "rmse_std": 1.4147477658496508,
    "mae_mean": 48.93241729736328,
    "mae_std": 1.8902145385742202,
    "r2_mean": 0.02152403609746334,
    "r2_std": 0.013345633950132774,
    "mape_mean": 0.2397943943688203,
    "mape_std": 0.020438305101725757,
    "directional_accuracy_mean": 0.5789473684210527,
    "directional_accuracy_std": 0.10526315789473686,
    "mean_residual_mean": -1.4553817749023437,
    "mean_residual_std": 5.798068237304687,
    "std_residual_mean": 60.25146422698465,
    "std_residual_std": 1.561832000444042,
    "median_residual_mean": 14.490074157714844,
    "median_residual_std": 3.7092514038085938,
    "negative_predictions_mean": 0.0,
    "negative_predictions_std": 0.0,
    "negative_ratio_mean": 0.0,
    "negative_ratio_std": 0.0,
    "total_return_mean": 3.84015556815796,
    "total_return_std": 0.16642771738280615,
    "mean_return_mean": 0.20211345095568212,
    "mean_return_std": 0.008759353546463483,
    "std_return_mean": 0.44051504241490347,
    "std_return_std": 0.04245933191415194,
    "sharpe_ratio_mean": 7.3824184221151405,
    "sharpe_ratio_std": 1.0272134599783915,
    "win_rate_mean": 0.5789473684210527,
    "win_rate_std": 0.15789473684210525,
    "max_drawdown_mean": 0.3690582371515475,
    "max_drawdown_std": 0.03733326730836295
  },
  "model_path": "/Users/reinhard/portfolio-optimization-system/ml/trained_models/stock_specific_v2/SCBK_best.h5"
}