{
  "stock_code": "SCOM_recent",
  "training_date": "2025-11-18T15:32:05.361681",
  "model_version": "2.0_stock_specific",
  "n_samples": 500,
  "prediction_days": 30,
  "validation_split": 0.15,
  "epochs_trained": 50,
  "data_range": {
    "min": 24.35,
    "max": 44.95
  },
  "validation_metrics": {
    "mse": 28.34572517792128,
    "mae": 5.021410477329307,
    "rmse": 5.324070358092695,
    "r2": -5.293023196145601,
    "mape": 12.296533014259206,
    "negative_predictions": 0,
    "negative_ratio": 0.0,
    "bias": -5.021410477329307
  },
  "walk_forward_metrics": {
    "mse_mean": 50.80522005707951,
    "mse_std": 1.292854074297889,
    "rmse_mean": 7.127200981025624,
    "rmse_std": 0.09069858404019948,
    "mae_mean": 7.059034881591797,
    "mae_std": 0.08684864044189311,
    "r2_mean": -43.21814928326312,
    "r2_std": 2.4685068377916437,
    "mape_mean": 0.16433851067123098,
    "mape_std": 0.0027214952222245903,
    "directional_accuracy_mean": 0.2894736842105263,
    "directional_accuracy_std": 0.02631578947368421,
    "mean_residual_mean": -7.059034881591797,
    "mean_residual_std": 0.08684864044189311,
    "std_residual_mean": 0.9831340436598448,
    "std_residual_std": 0.03393174620076467,
    "median_residual_mean": -7.126696586608887,
    "median_residual_std": 0.2875494003295884,
    "negative_predictions_mean": 0.0,
    "negative_predictions_std": 0.0,
    "negative_ratio_mean": 0.0,
    "negative_ratio_std": 0.0,
    "total_return_mean": -0.0012610817167628824,
    "total_return_std": 0.039171589781293925,
    "mean_return_mean": -6.63727219348887e-05,
    "mean_return_std": 0.0020616626200681016,
    "std_return_mean": 0.010846785643582983,
    "std_return_std": 0.0019231828228469276,
    "sharpe_ratio_mean": 0.4520516440102367,
    "sharpe_ratio_std": 3.097439051612931,
    "win_rate_mean": 0.39473684210526316,
    "win_rate_std": 0.07894736842105263,
    "max_drawdown_mean": 0.06427571544025425,
    "max_drawdown_std": 0.02632217723932202
  },
  "model_path": "/Users/reinhard/portfolio-optimization-system/ml/trained_models/stock_specific_v2/SCOM_recent_best.h5"
}