{
  "stock_code": "SCOM",
  "training_date": "2025-11-18T15:38:30.363661",
  "model_version": "2.0_stock_specific",
  "n_samples": 2196,
  "prediction_days": 30,
  "validation_split": 0.15,
  "epochs_trained": 50,
  "data_range": {
    "min": 5.1,
    "max": 44.95
  },
  "validation_metrics": {
    "mse": 78.98069257679677,
    "mae": 7.145465581453763,
    "rmse": 8.8871082235335,
    "r2": 0.20165431342703544,
    "mape": 56.57230235671263,
    "negative_predictions": 0,
    "negative_ratio": 0.0,
    "bias": 1.6050613467876722
  },
  "walk_forward_metrics": {
    "mse_mean": 99.2254590623573,
    "mse_std": 1.3535059516014911,
    "rmse_mean": 9.96096597480723,
    "rmse_std": 0.06794049668599911,
    "mae_mean": 8.30063823699951,
    "mae_std": 0.06410974502563516,
    "r2_mean": 0.06473586572739803,
    "r2_std": 0.05240640804232061,
    "mape_mean": 0.5691425370258196,
    "mape_std": 0.05986741943466295,
    "directional_accuracy_mean": 0.763157894736842,
    "directional_accuracy_std": 0.026315789473684237,
    "mean_residual_mean": 1.0604720878601068,
    "mean_residual_std": 1.1530843734741205,
    "std_residual_mean": 9.835342017753373,
    "std_residual_std": 0.19313682893679474,
    "median_residual_mean": 3.1550921440124506,
    "median_residual_std": 0.6672928810119609,
    "negative_predictions_mean": 0.0,
    "negative_predictions_std": 0.0,
    "negative_ratio_mean": 0.0,
    "negative_ratio_std": 0.0,
    "total_return_mean": 6.828256486254247,
    "total_return_std": 0.5354295658417887,
    "mean_return_mean": 0.35938192032917093,
    "mean_return_std": 0.028180503465357304,
    "std_return_mean": 0.4370131160071853,
    "std_return_std": 0.07479308896184925,
    "sharpe_ratio_mean": 13.267991155280592,
    "sharpe_ratio_std": 1.2471076929265283,
    "win_rate_mean": 0.7894736842105263,
    "win_rate_std": 0.0,
    "max_drawdown_mean": 0.5732574228247256,
    "max_drawdown_std": 0.13182420982833576
  },
  "model_path": "/Users/reinhard/portfolio-optimization-system/ml/trained_models/stock_specific_v2/SCOM_best.h5"
}