{
  "stock_code": "TOTL",
  "training_date": "2025-11-18T16:07:36.686825",
  "model_version": "2.0_stock_specific",
  "n_samples": 2196,
  "prediction_days": 30,
  "validation_split": 0.15,
  "epochs_trained": 50,
  "data_range": {
    "min": 13.1,
    "max": 35.75
  },
  "validation_metrics": {
    "mse": 27.151402081286115,
    "mae": 4.200753031804011,
    "rmse": 5.210700728432417,
    "r2": -0.21473687958169974,
    "mape": 22.164824036546204,
    "negative_predictions": 0,
    "negative_ratio": 0.0,
    "bias": 2.001849209125225
  },
  "walk_forward_metrics": {
    "mse_mean": 20.851237084275784,
    "mse_std": 5.246164894652644,
    "rmse_mean": 4.529443607618946,
    "rmse_std": 0.5791180274137981,
    "mae_mean": 3.4416319084167486,
    "mae_std": 0.5698777580261232,
    "r2_mean": -0.12040302685550053,
    "r2_std": 0.013223617397097431,
    "mape_mean": 0.18206336202570483,
    "mape_std": 0.03299838516460259,
    "directional_accuracy_mean": 0.7105263157894737,
    "directional_accuracy_std": 0.02631578947368418,
    "mean_residual_mean": 1.6290106391906738,
    "mean_residual_std": 0.10374948501586889,
    "std_residual_mean": 4.224854120967017,
    "std_residual_std": 0.5808658387152101,
    "median_residual_mean": 0.33187437057495206,
    "median_residual_std": 0.028674221038817116,
    "negative_predictions_mean": 0.0,
    "negative_predictions_std": 0.0,
    "negative_ratio_mean": 0.0,
    "negative_ratio_std": 0.0,
    "total_return_mean": 2.636120614688296,
    "total_return_std": 1.377519823304234,
    "mean_return_mean": 0.1387431902467524,
    "mean_return_std": 0.0725010433318018,
    "std_return_mean": 0.24091061043404483,
    "std_return_std": 0.05122603721019808,
    "sharpe_ratio_mean": 8.511303147460122,
    "sharpe_ratio_std": 2.967565644638346,
    "win_rate_mean": 0.7105263157894737,
    "win_rate_std": 0.07894736842105265,
    "max_drawdown_mean": 0.2528135669362084,
    "max_drawdown_std": 0.01133737646001795
  },
  "model_path": "/Users/reinhard/portfolio-optimization-system/ml/trained_models/stock_specific_v2/TOTL_best.h5"
}