{
  "stock_code": "CIC",
  "training_date": "2025-11-19T11:50:58.034565",
  "prediction_days": 60,
  "total_samples": 453,
  "train_samples": 319,
  "val_samples": 67,
  "test_samples": 67,
  "epochs_trained": 50,
  "early_stopped": false,
  "best_val_loss": 0.027071580290794373,
  "best_val_mae": 0.05113079771399498,
  "best_val_mape": 9.1321382522583,
  "test_mae": 0.05633936337062303,
  "test_mape": 2.5876879009452045,
  "test_sharpe": 11.5803663705187,
  "scaler_type": "LogPriceScaler",
  "scaler_params": {
    "fitted": true,
    "min_price": 1.68,
    "max_price": 2.47,
    "price_range": 0.7900000000000003,
    "log_min": 0.5187937934151675,
    "log_max": 0.9042181506398859,
    "log_range": 0.38542435722471835,
    "feature_range": [
      0,
      1
    ]
  },
  "model_architecture": {
    "lstm_units": [
      50,
      50
    ],
    "dense_units": [
      25
    ],
    "dropout": 0.2,
    "l2_reg": 0.01
  }
}