{
  "stock_code": "EABL",
  "training_date": "2025-11-18T22:01:09.193491",
  "prediction_days": 60,
  "total_samples": 453,
  "train_samples": 319,
  "val_samples": 67,
  "test_samples": 67,
  "epochs_trained": 73,
  "early_stopped": true,
  "best_val_loss": 0.019600819796323776,
  "best_val_mae": 0.06494726985692978,
  "best_val_mape": 9.239815711975098,
  "test_mae": 15.152988978794642,
  "test_mape": 8.222022409037463,
  "test_sharpe": 42.74317398467236,
  "scaler_type": "LogPriceScaler",
  "scaler_params": {
    "fitted": true,
    "min_price": 100.0,
    "max_price": 187.0,
    "price_range": 87.0,
    "log_min": 4.605170185988092,
    "log_max": 5.231108616854587,
    "log_range": 0.625938430866495,
    "feature_range": [
      0,
      1
    ]
  },
  "model_architecture": {
    "lstm_units": [
      50,
      50
    ],
    "dense_units": [
      25
    ],
    "dropout": 0.2,
    "l2_reg": 0.01
  }
}