{
  "stock_code": "KCB",
  "training_date": "2025-11-18T22:00:41.642212",
  "prediction_days": 60,
  "total_samples": 453,
  "train_samples": 319,
  "val_samples": 67,
  "test_samples": 67,
  "epochs_trained": 100,
  "early_stopped": false,
  "best_val_loss": 0.01635880582034588,
  "best_val_mae": 0.026539716869592667,
  "best_val_mape": 3.2213571071624756,
  "test_mae": 4.609772600446426,
  "test_mape": 12.058028840261347,
  "test_sharpe": 116.24478142795611,
  "scaler_type": "LogPriceScaler",
  "scaler_params": {
    "fitted": true,
    "min_price": 15.75,
    "max_price": 39.2,
    "price_range": 23.450000000000003,
    "log_min": 2.7568403652716422,
    "log_max": 3.6686767467964168,
    "log_range": 0.9118363815247745,
    "feature_range": [
      0,
      1
    ]
  },
  "model_architecture": {
    "lstm_units": [
      50,
      50
    ],
    "dense_units": [
      25
    ],
    "dropout": 0.2,
    "l2_reg": 0.01
  }
}