{
  "stock_code": "KEGN",
  "training_date": "2025-11-19T11:51:29.406504",
  "prediction_days": 60,
  "total_samples": 453,
  "train_samples": 319,
  "val_samples": 67,
  "test_samples": 67,
  "epochs_trained": 50,
  "early_stopped": false,
  "best_val_loss": 0.012017560191452503,
  "best_val_mae": 0.03166691213846207,
  "best_val_mape": 7.232748508453369,
  "test_mae": 0.7902080358777726,
  "test_mape": 21.629717667767203,
  "test_sharpe": 33.34523055044627,
  "scaler_type": "LogPriceScaler",
  "scaler_params": {
    "fitted": true,
    "min_price": 1.96,
    "max_price": 3.26,
    "price_range": 1.2999999999999998,
    "log_min": 0.6729444732424258,
    "log_max": 1.1817271953786161,
    "log_range": 0.5087827221361904,
    "feature_range": [
      0,
      1
    ]
  },
  "model_architecture": {
    "lstm_units": [
      50,
      50
    ],
    "dense_units": [
      25
    ],
    "dropout": 0.2,
    "l2_reg": 0.01
  }
}