{
  "stock_code": "SCOM",
  "training_date": "2025-11-18T22:00:02.556799",
  "prediction_days": 60,
  "total_samples": 453,
  "train_samples": 319,
  "val_samples": 67,
  "test_samples": 67,
  "epochs_trained": 100,
  "early_stopped": false,
  "best_val_loss": 0.007314987480640411,
  "best_val_mae": 0.022456225007772446,
  "best_val_mape": 5.86491060256958,
  "test_mae": 1.505855805533274,
  "test_mape": 8.94716075143457,
  "test_sharpe": 57.39656498792757,
  "scaler_type": "LogPriceScaler",
  "scaler_params": {
    "fitted": true,
    "min_price": 11.65,
    "max_price": 24.5,
    "price_range": 12.85,
    "log_min": 2.4553061800117097,
    "log_max": 3.1986731175506815,
    "log_range": 0.7433669375389718,
    "feature_range": [
      0,
      1
    ]
  },
  "model_architecture": {
    "lstm_units": [
      50,
      50
    ],
    "dense_units": [
      25
    ],
    "dropout": 0.2,
    "l2_reg": 0.01
  }
}